"index","address","amount","status"
0,"0x4bf4e3a59add035c479cde89d98103cb65dca941","14361.09",
1,"0xb4ec3a8299aed31f327a3633854a6d6610434525","33776.19",
2,"0xccbab37cdd21a6c78bd84aa5d75e8a7b8dca6927","9559.97",
3,"0x26b9375e1639420dbc842442e1ab02f8ce2d29e3","64285.71",
4,"0x897b3929b6d77e3d2e0676258c12260f29885fd3","19047.62",
5,"0x71ca1834b42cc6f8783fc0b461cf5a0f8b568a50","16885.85",
6,"0x0e7720b77be5480d88111fd5805e72c1c5996be0","4761.90",
7,"0x5decabd1af9a55013c5d333828312ed83b35ebd6","4380.95",
8,"0x24faaf0848b0dee170e606e1c01266e321606475","4761.90",
9,"0xc70b0b44e47e8604b4234f2d2d8e79540b0cf64b","13690.48",
10,"0xe73c98667c82bb76e58c0d9b065b6a0c9ea2d088","3571.43",
11,"0x5122b4d90185958faa110a3a02b647c755b977fd","992.03",
12,"0x36ae04bdf0061ddd4c4366d6e6ea2293e7b419b5","119.05",
13,"0xd72dfebf190aad3b46936c9815ca849d59a81049","1190.48",
14,"0x6e2be719c41f6016e3ef2ac983580bda4b76420b","200.00",
15,"0x4d80786aac9995e8876eef2312fc7fd6e9f14dcf","2380.95",
16,"0xda5b9c259ed8cd691eeac28206930fbbaf8a9574","2380.95",
17,"0x0000000000000000000000000000000000000000","1623729309523",